Roll Number,Gender,Marks,Name,Age,Department,Grade,Attendance
101,Male,52,Rahul Varma,19,IT,C,66
102,Male,46,Sai Mishra,18,CSE,D,73
103,Male,88,Sanjay Kumar,22,IT,A,74
104,Female,89,Sowmya Varma,18,EEE,A,81
105,Female,46,Lakshmi Patel,20,ECE,D,84
106,Male,40,Varun Verma,22,MECH,D,89
107,Male,81,Abhishek Reddy,22,MECH,A,96
108,Male,72,Vivek Reddy,18,IT,B+,65
109,Male,81,Kiran Yadav,20,DS,A,70
110,Female,56,Keerthi Patel,20,ECE,C,94
111,Male,63,Suresh Chowdary,21,MECH,B,80
112,Male,69,Praveen Sharma,20,AIML,B,64
113,Male,85,Sai Das,19,DS,A,89
114,Male,89,Ajay Devi,19,MECH,A,97
115,Female,46,Keerthi Naidu,19,DS,D,63
116,Male,84,Manoj Singh,21,ECE,A,84
117,Female,49,Deepika Varma,22,CSE,D,94
118,Female,90,Nandini Das,18,MECH,A+,70
119,Female,99,Priya Varma,22,EEE,A+,66
120,Female,55,Nandini Patel,19,CIVIL,C,94
121,Male,49,Tarun Das,21,CSE,D,83
122,Female,45,Neha Sharma,19,ECE,D,91
123,Male,56,Aditya Devi,19,DS,C,76
124,Female,82,Kavya Patel,20,AIML,A,88
125,Female,78,Divya Naidu,19,ECE,B+,61
126,Male,42,Sai Naidu,18,ECE,D,74
127,Male,70,Arjun Das,18,IT,B+,91
128,Male,66,Aditya Devi,22,DS,B,90
129,Female,80,Kavya Rao,18,AIML,A,87
130,Female,86,Anusha Sharma,18,CSE,A,81
131,Male,52,Praveen Patel,19,DS,C,87
132,Male,91,Ajay Chowdary,19,ECE,A+,95
133,Male,56,Arjun Kumar,18,IT,C,86
134,Female,56,Bhavya Patel,21,CSE,C,84
135,Male,89,Abhishek Varma,21,MECH,A,95
136,Female,42,Lakshmi Patel,20,IT,D,97
137,Male,96,Surya Das,18,CSE,A+,92
138,Male,43,Arjun Reddy,19,ECE,D,75
139,Female,45,Divya Naidu,22,CSE,D,86
140,Female,68,Swathi Patel,20,IT,B,85
141,Male,44,Rakesh Gupta,21,CIVIL,D,60
142,Female,99,Tejaswini Rao,18,IT,A+,76
143,Male,71,Varun Reddy,19,CIVIL,B+,70
144,Female,73,Shreya Gupta,22,CSE,B+,66
145,Male,69,Ajay Rao,18,EEE,B,78
146,Male,99,Vivek Das,19,MECH,A+,91
147,Female,40,Sneha Reddy,21,MECH,D,60
148,Female,89,Lakshmi Varma,19,DS,A,95
149,Male,82,Kiran Reddy,19,CSE,A,97
150,Male,81,Ravi Devi,18,MECH,A,62
151,Female,87,Kavya Naidu,18,CIVIL,A,99
152,Male,38,Praveen Singh,19,AIML,F,71
153,Female,48,Harini Naidu,20,EEE,D,84
154,Male,79,Karthik Naidu,19,DS,B+,79
155,Male,77,Praveen Kumar,19,AIML,B+,77
156,Male,77,Ajay Verma,22,AIML,B+,61
157,Male,39,Ajay Singh,22,MECH,F,66
158,Female,84,Keerthi Das,21,ECE,A,96
159,Male,60,Ajay Sharma,21,CSE,B,83
160,Female,50,Anjali Das,22,CIVIL,C,79
161,Female,72,Pallavi Mishra,20,AIML,B+,95
162,Male,73,Rohit Mishra,21,EEE,B+,85
163,Male,76,Harish Gupta,19,AIML,B+,89
164,Female,56,Anusha Patel,22,DS,C,65
165,Female,74,Deepika Das,18,IT,B+,74
166,Male,95,Manoj Kumar,18,IT,A+,99
167,Male,84,Akash Mishra,22,IT,A,91
168,Female,89,Neha Devi,18,ECE,A,74
169,Male,50,Vivek Chowdary,18,IT,C,89
170,Male,92,Akash Das,21,AIML,A+,70
171,Female,97,Anusha Varma,19,MECH,A+,75
172,Female,69,Anusha Reddy,20,IT,B,81
173,Female,64,Shreya Reddy,19,EEE,B,84
174,Male,87,Vivek Patel,18,AIML,A,81
175,Female,84,Harini Sharma,19,AIML,A,97
176,Male,80,Sai Yadav,21,CSE,A,79
177,Female,69,Harini Naidu,21,IT,B,87
178,Female,56,Priya Yadav,20,AIML,C,89
179,Male,45,Tarun Kumar,21,CSE,D,87
180,Male,83,Akash Singh,18,MECH,A,80
181,Male,70,Akash Das,20,AIML,B+,86
182,Female,79,Anjali Krishna,18,CSE,B+,74
183,Male,60,Nikhil Sharma,18,IT,B,61
184,Male,62,Praveen Devi,21,ECE,B,89
185,Female,55,Keerthi Singh,22,ECE,C,79
186,Male,85,Sai Kumar,20,AIML,A,72
187,Male,50,Sai Naidu,18,MECH,C,96
188,Male,99,Varun Mishra,20,ECE,A+,81
189,Male,81,Ravi Krishna,18,AIML,A,89
190,Male,96,Ravi Singh,22,MECH,A+,89
191,Female,46,Vaishnavi Varma,20,IT,D,77
192,Female,78,Neha Chowdary,22,AIML,B+,61
193,Female,80,Aishwarya Singh,21,IT,A,76
194,Female,59,Swathi Varma,22,CSE,C,65
195,Male,95,Surya Mishra,21,IT,A+,91
196,Female,86,Priya Reddy,20,IT,A,75
197,Female,89,Pallavi Verma,21,CIVIL,A,95
198,Female,67,Keerthi Chowdary,20,MECH,B,74
199,Male,58,Surya Patel,20,ECE,C,72
200,Male,47,Surya Krishna,20,MECH,D,72
201,Female,36,Neha Verma,19,MECH,F,94
202,Male,51,Ajay Sharma,18,MECH,C,91
203,Male,91,Rahul Gupta,21,DS,A+,81
204,Male,43,Arjun Varma,21,ECE,D,85
205,Female,73,Anjali Sharma,19,EEE,B+,65
206,Male,83,Kiran Mishra,22,IT,A,88
207,Female,47,Meena Mishra,20,CSE,D,73
208,Male,57,Ajay Reddy,19,IT,C,95
209,Male,95,Suresh Kumar,21,DS,A+,78
210,Male,44,Praveen Gupta,20,DS,D,74
211,Female,63,Nandini Patel,21,ECE,B,69
212,Female,74,Lakshmi Reddy,18,EEE,B+,98
213,Female,86,Anusha Rao,21,MECH,A,77
214,Female,90,Anusha Reddy,22,CSE,A+,80
215,Female,69,Priya Reddy,19,CSE,B,96
216,Male,70,Suresh Krishna,22,DS,B+,71
217,Female,79,Nandini Krishna,18,DS,B+,86
218,Female,87,Aishwarya Rao,19,CIVIL,A,91
219,Female,93,Pallavi Yadav,22,CSE,A+,65
220,Female,100,Swathi Das,18,AIML,A+,60
221,Female,98,Harini Sharma,19,CIVIL,A+,88
222,Male,71,Rohit Varma,22,EEE,B+,88
223,Female,55,Divya Kumar,22,IT,C,79
224,Male,49,Aditya Mishra,18,IT,D,89
225,Male,100,Nikhil Devi,21,MECH,A+,77
226,Female,53,Bhavya Krishna,19,DS,C,84
227,Male,88,Tarun Devi,18,MECH,A,81
228,Female,54,Priya Gupta,20,DS,C,88
229,Female,93,Keerthi Das,22,AIML,A+,80
230,Male,64,Vivek Naidu,22,AIML,B,86
231,Male,54,Naveen Krishna,21,AIML,C,91
232,Male,47,Manoj Das,18,DS,D,93
233,Female,44,Priya Devi,21,EEE,D,90
234,Female,83,Aishwarya Yadav,18,CIVIL,A,80
235,Female,65,Shreya Sharma,22,ECE,B,78
236,Male,47,Surya Reddy,21,ECE,D,88
237,Male,76,Vivek Gupta,18,CSE,B+,63
238,Female,66,Keerthi Verma,21,EEE,B,93
239,Female,45,Sowmya Singh,19,EEE,D,99
240,Female,64,Tejaswini Naidu,21,EEE,B,89
241,Female,71,Anusha Varma,18,DS,B+,94
242,Male,89,Vijay Chowdary,20,MECH,A,76
243,Female,48,Meena Patel,21,DS,D,75
244,Female,72,Sowmya Verma,22,MECH,B+,61
245,Female,98,Swathi Kumar,22,CSE,A+,78
246,Male,67,Tarun Verma,19,IT,B,68
247,Male,39,Nikhil Sharma,20,DS,F,97
248,Female,76,Vaishnavi Devi,18,MECH,B+,86
249,Male,99,Rohit Devi,22,CIVIL,A+,77
250,Male,49,Ajay Krishna,20,CIVIL,D,89
251,Male,46,Manoj Naidu,21,CIVIL,D,85
252,Male,68,Ajay Rao,21,CIVIL,B,97
253,Female,95,Nandini Verma,18,IT,A+,61
254,Female,73,Tejaswini Naidu,18,DS,B+,86
255,Male,98,Manoj Sharma,18,MECH,A+,67
256,Male,82,Praveen Devi,21,DS,A,94
257,Female,97,Sowmya Devi,21,ECE,A+,99
258,Female,91,Swathi Sharma,20,IT,A+,88
259,Male,42,Varun Rao,20,CIVIL,D,85
260,Female,62,Kavya Rao,21,ECE,B,98
261,Male,61,Arjun Das,19,EEE,B,64
262,Male,53,Sai Patel,19,CIVIL,C,98
263,Male,57,Ajay Devi,19,MECH,C,67
264,Male,76,Manoj Kumar,20,IT,B+,61
265,Male,49,Ajay Sharma,19,AIML,D,64
266,Female,92,Anusha Verma,22,ECE,A+,92
267,Male,93,Tarun Sharma,22,MECH,A+,61
268,Male,97,Karthik Yadav,21,ECE,A+,88
269,Male,43,Vijay Das,22,EEE,D,68
270,Female,93,Tejaswini Das,21,MECH,A+,92
271,Female,90,Divya Rao,22,IT,A+,88
272,Male,88,Ravi Das,21,AIML,A,66
273,Female,54,Harini Das,20,CIVIL,C,90
274,Male,47,Vijay Reddy,18,AIML,D,83
275,Male,50,Aditya Sharma,22,CIVIL,C,86
276,Female,74,Pallavi Mishra,18,MECH,B+,82
277,Male,63,Sai Patel,19,DS,B,66
278,Female,63,Shreya Verma,18,MECH,B,87
279,Male,69,Tarun Varma,18,EEE,B,79
280,Female,86,Keerthi Kumar,19,EEE,A,64
281,Male,83,Surya Kumar,18,IT,A,86
282,Female,76,Aishwarya Singh,20,MECH,B+,96
283,Male,45,Arjun Devi,19,CSE,D,77
284,Female,88,Pallavi Mishra,21,DS,A,77
285,Male,49,Sanjay Rao,20,AIML,D,78
286,Female,85,Deepika Gupta,18,IT,A,98
287,Male,52,Rahul Patel,20,IT,C,76
288,Female,90,Aishwarya Rao,18,DS,A+,71
289,Male,44,Abhishek Naidu,22,CIVIL,D,85
290,Male,75,Ravi Kumar,21,ECE,B+,96
291,Female,49,Sowmya Yadav,21,MECH,D,85
292,Male,81,Naveen Singh,22,DS,A,65
293,Female,45,Divya Naidu,21,AIML,D,85
294,Female,56,Vaishnavi Das,19,CIVIL,C,64
295,Male,53,Sanjay Patel,20,CIVIL,C,75
296,Male,54,Manoj Varma,19,EEE,C,64
297,Male,76,Nikhil Krishna,21,DS,B+,80
298,Male,73,Akash Reddy,21,DS,B+,77
299,Male,92,Varun Reddy,20,DS,A+,62
300,Male,99,Varun Gupta,18,ECE,A+,84
301,Female,76,Sowmya Sharma,21,IT,B+,98
302,Female,48,Deepika Devi,18,DS,D,81
303,Male,91,Sanjay Singh,18,IT,A+,88
304,Male,87,Varun Verma,20,AIML,A,81
305,Male,47,Nikhil Das,18,CIVIL,D,95
306,Female,77,Meena Varma,22,EEE,B+,65
307,Male,45,Varun Gupta,21,EEE,D,79
308,Female,89,Nandini Das,19,ECE,A,92
309,Female,62,Priya Verma,20,EEE,B,81
310,Female,44,Kavya Naidu,19,EEE,D,78
311,Male,83,Sanjay Sharma,20,EEE,A,69
312,Male,87,Suresh Singh,21,CSE,A,83
313,Male,65,Akash Gupta,21,IT,B,79
314,Female,94,Kavya Verma,22,DS,A+,78
315,Female,52,Deepika Mishra,19,IT,C,76
316,Male,50,Nikhil Krishna,20,ECE,C,78
317,Male,90,Suresh Varma,21,EEE,A+,65
318,Male,41,Akash Verma,18,AIML,D,85
319,Female,63,Neha Yadav,18,CIVIL,B,61
320,Female,39,Divya Das,19,EEE,F,78
321,Female,35,Sirisha Devi,21,DS,F,65
322,Male,49,Ajay Patel,19,AIML,D,78
323,Male,88,Harish Rao,18,IT,A,99
324,Female,100,Anjali Rao,21,CSE,A+,96
325,Male,35,Vivek Devi,20,AIML,F,99
326,Female,81,Neha Mishra,19,ECE,A,64
327,Male,82,Abhishek Krishna,18,AIML,A,76
328,Male,48,Varun Reddy,20,IT,D,97
329,Female,57,Lakshmi Sharma,20,CIVIL,C,89
330,Female,93,Nandini Singh,19,ECE,A+,62
331,Female,75,Kavya Sharma,19,CSE,B+,79
332,Female,59,Shreya Krishna,20,CSE,C,78
333,Female,82,Sneha Das,20,ECE,A,87
334,Female,58,Vaishnavi Chowdary,21,CIVIL,C,91
335,Female,45,Keerthi Varma,18,AIML,D,87
336,Male,45,Aditya Gupta,20,ECE,D,80
337,Female,56,Meena Chowdary,22,AIML,C,88
338,Female,70,Anusha Sharma,20,AIML,B+,63
339,Male,38,Rakesh Yadav,20,EEE,F,69
340,Female,81,Sneha Devi,18,IT,A,83
341,Female,92,Sowmya Sharma,22,EEE,A+,83
342,Female,81,Anusha Reddy,22,EEE,A,85
343,Female,38,Nandini Varma,19,ECE,F,71
344,Female,68,Deepika Yadav,22,ECE,B,76
345,Female,50,Kavya Gupta,21,IT,C,68
346,Male,75,Akash Singh,21,ECE,B+,82
347,Male,57,Aditya Gupta,20,EEE,C,83
348,Male,98,Kiran Patel,19,IT,A+,61
349,Female,46,Shreya Verma,21,EEE,D,64
350,Female,87,Sravani Krishna,22,AIML,A,96
351,Male,94,Manoj Das,18,DS,A+,93
352,Female,99,Lakshmi Singh,19,AIML,A+,63
353,Male,55,Sanjay Devi,20,EEE,C,80
354,Male,60,Varun Gupta,18,MECH,B,95
355,Female,99,Lakshmi Gupta,22,ECE,A+,70
356,Male,38,Suresh Das,22,CSE,F,65
357,Male,38,Nikhil Varma,19,AIML,F,91
358,Female,86,Nandini Gupta,21,IT,A,79
359,Female,88,Anjali Sharma,19,DS,A,90
360,Female,75,Kavya Das,22,EEE,B+,80
361,Female,75,Sravani Devi,20,ECE,B+,75
362,Female,53,Divya Varma,21,IT,C,66
363,Male,66,Harish Yadav,22,AIML,B,70
364,Female,98,Sowmya Das,19,EEE,A+,92
365,Female,46,Bhavya Gupta,21,CSE,D,85
366,Female,41,Neha Patel,22,CIVIL,D,63
367,Female,48,Bhavya Krishna,20,CSE,D,87
368,Male,40,Ajay Verma,21,CIVIL,D,85
369,Male,44,Sai Patel,20,MECH,D,84
370,Female,51,Shreya Varma,22,ECE,C,66
371,Female,53,Keerthi Das,22,CIVIL,C,72
372,Female,52,Deepika Sharma,18,CSE,C,81
373,Female,76,Deepika Chowdary,19,EEE,B+,99
374,Female,78,Pooja Yadav,22,MECH,B+,92
375,Female,82,Sirisha Gupta,21,CSE,A,81
376,Male,68,Ravi Gupta,18,DS,B,97
377,Male,56,Surya Sharma,22,DS,C,93
378,Female,59,Lakshmi Naidu,18,ECE,C,61
379,Female,61,Aishwarya Mishra,19,AIML,B,86
380,Female,76,Vaishnavi Sharma,19,IT,B+,90
381,Female,80,Aishwarya Singh,21,CIVIL,A,76
382,Female,63,Kavya Naidu,20,MECH,B,79
383,Female,96,Sirisha Patel,21,CIVIL,A+,82
384,Female,85,Meena Rao,22,AIML,A,82
385,Male,79,Harish Sharma,20,ECE,B+,88
386,Female,69,Vaishnavi Krishna,19,IT,B,95
387,Female,66,Lakshmi Rao,22,IT,B,63
388,Male,87,Nikhil Naidu,18,ECE,A,81
389,Female,87,Divya Devi,18,EEE,A,90
390,Female,71,Nandini Patel,20,CIVIL,B+,63
391,Male,57,Nikhil Naidu,22,CSE,C,86
392,Male,72,Arjun Yadav,21,EEE,B+,62
393,Male,93,Harish Rao,20,MECH,A+,94
394,Female,49,Lakshmi Chowdary,20,IT,D,81
395,Male,36,Surya Chowdary,20,EEE,F,81
396,Female,89,Sowmya Patel,19,AIML,A,92
397,Female,52,Anjali Yadav,18,EEE,C,90
398,Female,65,Neha Kumar,20,AIML,B,88
399,Female,68,Aishwarya Gupta,22,CSE,B,83
400,Male,55,Arjun Rao,21,MECH,C,85
401,Female,63,Sirisha Rao,20,CIVIL,B,74
402,Male,88,Karthik Devi,21,CIVIL,A,95
403,Female,92,Shreya Patel,19,ECE,A+,93
404,Female,54,Anjali Rao,18,IT,C,70
405,Female,97,Deepika Chowdary,18,IT,A+,65
406,Female,93,Sneha Chowdary,19,AIML,A+,96
407,Male,85,Aditya Chowdary,20,CSE,A,76
408,Male,40,Surya Patel,22,ECE,D,87
409,Female,43,Sirisha Reddy,22,CSE,D,90
410,Male,88,Harish Mishra,19,EEE,A,83
411,Female,52,Anusha Yadav,21,ECE,C,82
412,Male,63,Suresh Yadav,22,EEE,B,60
413,Male,83,Harish Chowdary,22,AIML,A,74
414,Male,59,Akash Verma,19,MECH,C,67
415,Male,65,Rakesh Mishra,22,CSE,B,73
416,Male,66,Kiran Sharma,21,CSE,B,62
417,Female,42,Anusha Naidu,22,IT,D,68
418,Female,65,Neha Das,22,CIVIL,B,79
419,Male,70,Rakesh Naidu,21,MECH,B+,63
420,Male,41,Nikhil Mishra,22,DS,D,82
421,Female,54,Deepika Das,21,AIML,C,79
422,Female,73,Pooja Krishna,19,IT,B+,69
423,Female,84,Sneha Mishra,21,EEE,A,75
424,Female,82,Kavya Das,18,DS,A,65
425,Male,44,Arjun Varma,21,CSE,D,72
426,Male,36,Karthik Patel,20,MECH,F,73
427,Male,61,Surya Rao,21,IT,B,85
428,Male,94,Aditya Das,20,AIML,A+,94
429,Female,94,Meena Varma,20,DS,A+,66
430,Female,87,Aishwarya Patel,20,CIVIL,A,62
431,Male,88,Surya Devi,18,MECH,A,78
432,Male,66,Rohit Das,19,AIML,B,91
433,Female,56,Swathi Krishna,21,DS,C,82
434,Male,39,Manoj Krishna,19,CSE,F,64
435,Male,43,Rahul Mishra,19,IT,D,69
436,Male,96,Rohit Chowdary,20,CSE,A+,91
437,Male,70,Rahul Mishra,18,CSE,B+,94
438,Female,47,Priya Mishra,19,ECE,D,93
439,Male,80,Praveen Patel,22,MECH,A,77
440,Female,66,Anjali Verma,21,DS,B,74
441,Female,86,Pallavi Reddy,18,ECE,A,84
442,Female,56,Shreya Krishna,18,CSE,C,65
443,Female,40,Harini Das,22,ECE,D,74
444,Male,44,Vivek Krishna,20,CSE,D,77
445,Male,53,Suresh Das,18,IT,C,85
446,Male,84,Harish Singh,22,IT,A,94
447,Female,41,Sravani Devi,18,CIVIL,D,66
448,Female,76,Neha Reddy,20,AIML,B+,61
449,Female,83,Anusha Krishna,19,CIVIL,A,87
450,Male,66,Rakesh Yadav,18,MECH,B,64
451,Male,84,Ajay Devi,21,EEE,A,80
452,Female,91,Divya Reddy,18,MECH,A+,83
453,Female,90,Divya Devi,18,EEE,A+,88
454,Female,46,Divya Kumar,18,CIVIL,D,98
455,Female,84,Sravani Kumar,20,AIML,A,65
456,Male,52,Sai Singh,21,EEE,C,77
457,Female,56,Swathi Krishna,19,ECE,C,87
458,Female,81,Harini Gupta,21,ECE,A,76
459,Male,93,Surya Krishna,22,IT,A+,66
460,Male,83,Harish Kumar,21,CIVIL,A,81
461,Female,73,Aishwarya Mishra,22,EEE,B+,80
462,Male,75,Karthik Das,19,AIML,B+,78
463,Female,70,Sowmya Naidu,20,AIML,B+,85
464,Female,38,Divya Patel,22,EEE,F,89
465,Male,98,Akash Gupta,18,AIML,A+,68
466,Female,83,Neha Varma,19,AIML,A,64
467,Female,99,Tejaswini Krishna,22,AIML,A+,86
468,Male,80,Varun Reddy,18,IT,A,70
469,Male,48,Sai Yadav,20,AIML,D,60
470,Male,92,Ajay Naidu,22,IT,A+,83
471,Female,96,Anusha Devi,20,CSE,A+,66
472,Female,79,Harini Reddy,18,EEE,B+,79
473,Female,79,Anusha Patel,22,DS,B+,90
474,Male,73,Akash Chowdary,20,ECE,B+,62
475,Male,66,Rahul Das,18,EEE,B,93
476,Male,94,Aditya Singh,20,AIML,A+,74
477,Female,85,Nandini Singh,19,AIML,A,61
478,Male,62,Akash Mishra,21,CSE,B,73
479,Female,58,Sirisha Reddy,22,ECE,C,83
480,Female,97,Kavya Chowdary,18,MECH,A+,93
481,Female,49,Tejaswini Yadav,22,AIML,D,82
482,Female,52,Anusha Singh,20,ECE,C,80
483,Male,82,Praveen Gupta,18,EEE,A,69
484,Female,89,Harini Devi,22,AIML,A,71
485,Female,97,Nandini Singh,22,EEE,A+,78
486,Male,80,Suresh Das,21,CSE,A,60
487,Female,87,Lakshmi Patel,21,DS,A,91
488,Female,45,Sirisha Chowdary,21,EEE,D,96
489,Male,63,Praveen Gupta,18,MECH,B,94
490,Female,100,Pooja Chowdary,22,DS,A+,67
491,Male,91,Ajay Verma,22,CSE,A+,94
492,Male,39,Ravi Rao,19,MECH,F,88
493,Female,65,Keerthi Reddy,21,ECE,B,73
494,Female,61,Sirisha Mishra,19,EEE,B,73
495,Male,56,Sai Verma,22,MECH,C,80
496,Female,52,Meena Varma,22,ECE,C,86
497,Male,53,Ajay Devi,19,IT,C,80
498,Male,69,Rakesh Yadav,21,EEE,B,86
499,Female,100,Anusha Reddy,18,AIML,A+,77
500,Female,46,Anusha Krishna,20,CSE,D,89
501,Female,62,Anjali Yadav,19,AIML,B,91
502,Female,97,Aishwarya Gupta,20,EEE,A+,81
503,Male,50,Arjun Rao,21,CSE,C,70
504,Female,51,Anusha Kumar,21,IT,C,79
505,Male,45,Ajay Reddy,20,MECH,D,83
506,Male,89,Arjun Yadav,20,IT,A,65
507,Male,51,Rahul Patel,21,ECE,C,97
508,Male,78,Sanjay Chowdary,18,CSE,B+,67
509,Female,64,Sirisha Devi,21,ECE,B,84
510,Male,82,Surya Rao,18,CIVIL,A,79
511,Male,36,Abhishek Devi,19,ECE,F,99
512,Male,87,Akash Verma,19,EEE,A,99
513,Female,50,Kavya Reddy,18,EEE,C,97
514,Female,66,Keerthi Mishra,20,EEE,B,77
515,Male,61,Praveen Gupta,18,MECH,B,93
516,Male,65,Surya Yadav,20,CSE,B,91
517,Female,36,Divya Naidu,21,ECE,F,83
518,Female,81,Lakshmi Yadav,22,AIML,A,94
519,Male,36,Karthik Reddy,18,ECE,F,76
520,Male,99,Arjun Sharma,21,MECH,A+,86
521,Female,70,Sirisha Yadav,18,EEE,B+,65
522,Female,85,Anjali Patel,19,CIVIL,A,97
523,Male,66,Harish Mishra,19,CSE,B,65
524,Female,74,Divya Chowdary,22,CSE,B+,71
525,Male,98,Rahul Devi,18,EEE,A+,82
526,Female,50,Pooja Verma,19,MECH,C,61
527,Female,68,Harini Varma,22,ECE,B,96
528,Male,42,Karthik Chowdary,22,CIVIL,D,91
529,Male,49,Varun Singh,20,ECE,D,74
530,Male,95,Arjun Kumar,19,CSE,A+,83
531,Female,63,Lakshmi Singh,18,AIML,B,80
532,Male,82,Ravi Das,20,ECE,A,67
533,Male,86,Suresh Naidu,22,CSE,A,64
534,Female,93,Meena Gupta,20,ECE,A+,60
535,Female,66,Kavya Gupta,22,MECH,B,89
536,Female,54,Sowmya Krishna,19,IT,C,60
537,Female,36,Priya Naidu,22,CIVIL,F,81
538,Male,61,Rakesh Yadav,20,ECE,B,93
539,Male,70,Ravi Krishna,18,EEE,B+,65
540,Male,45,Praveen Mishra,20,DS,D,97
541,Male,42,Sanjay Devi,21,ECE,D,87
542,Male,85,Praveen Gupta,20,CIVIL,A,80
543,Female,60,Anusha Varma,19,ECE,B,68
544,Male,94,Manoj Rao,19,DS,A+,80
545,Female,74,Divya Verma,19,DS,B+,89
546,Female,40,Divya Reddy,19,MECH,D,73
547,Female,85,Lakshmi Reddy,19,CIVIL,A,92
548,Male,38,Rakesh Gupta,20,EEE,F,85
549,Female,48,Shreya Naidu,18,DS,D,68
550,Male,60,Rahul Sharma,19,EEE,B,85
551,Female,44,Pallavi Reddy,22,MECH,D,61
552,Male,77,Rohit Chowdary,19,ECE,B+,67
553,Male,85,Akash Sharma,19,AIML,A,91
554,Male,62,Abhishek Mishra,19,CIVIL,B,71
555,Female,66,Swathi Chowdary,19,CSE,B,78
556,Female,70,Harini Krishna,18,ECE,B+,84
557,Male,37,Ravi Patel,22,IT,F,84
558,Female,84,Bhavya Krishna,20,CIVIL,A,77
559,Male,38,Rahul Das,22,IT,F,77
560,Male,55,Karthik Verma,22,IT,C,66
561,Male,63,Rakesh Naidu,20,CSE,B,96
562,Female,75,Keerthi Singh,19,IT,B+,82
563,Male,59,Vivek Verma,22,EEE,C,91
564,Female,42,Pooja Krishna,18,ECE,D,74
565,Male,60,Rahul Krishna,18,CIVIL,B,68
566,Female,37,Sirisha Singh,20,CSE,F,69
567,Male,85,Kiran Verma,18,CIVIL,A,97
568,Male,55,Naveen Gupta,20,EEE,C,87
569,Female,63,Nandini Das,19,CIVIL,B,97
570,Male,57,Abhishek Gupta,20,EEE,C,60
571,Female,63,Sowmya Sharma,19,CIVIL,B,96
572,Male,65,Karthik Devi,20,ECE,B,82
573,Female,36,Pooja Reddy,20,DS,F,76
574,Male,48,Praveen Reddy,20,MECH,D,60
575,Male,87,Abhishek Chowdary,21,EEE,A,91
576,Female,63,Keerthi Yadav,18,DS,B,70
577,Female,75,Anjali Sharma,20,CSE,B+,76
578,Male,55,Vijay Das,19,AIML,C,64
579,Male,56,Naveen Krishna,18,AIML,C,98
580,Female,61,Pooja Sharma,18,CIVIL,B,72
581,Female,65,Sirisha Varma,20,MECH,B,66
582,Male,81,Abhishek Krishna,19,CSE,A,60
583,Female,60,Anjali Gupta,22,DS,B,66
584,Male,95,Rohit Singh,20,ECE,A+,67
585,Female,46,Sravani Krishna,21,MECH,D,94
586,Female,58,Pooja Verma,21,CIVIL,C,88
587,Male,63,Ajay Chowdary,21,MECH,B,77
588,Male,87,Manoj Rao,18,CIVIL,A,97
589,Male,95,Aditya Sharma,21,AIML,A+,96
590,Male,39,Karthik Gupta,18,AIML,F,92
591,Male,62,Kiran Chowdary,19,EEE,B,72
592,Male,60,Arjun Mishra,18,AIML,B,69
593,Female,85,Aishwarya Reddy,18,AIML,A,95
594,Female,49,Swathi Chowdary,18,AIML,D,86
595,Male,71,Manoj Rao,18,ECE,B+,94
596,Female,95,Harini Varma,21,DS,A+,62
597,Male,39,Ajay Yadav,19,AIML,F,85
598,Female,69,Sirisha Naidu,18,DS,B,83
599,Male,97,Naveen Gupta,20,MECH,A+,66
600,Male,69,Manoj Gupta,21,CIVIL,B,86
601,Male,97,Rohit Chowdary,19,AIML,A+,93
602,Female,99,Sneha Singh,18,MECH,A+,85
603,Male,60,Sanjay Kumar,19,IT,B,63
604,Male,60,Arjun Chowdary,18,CIVIL,B,77
605,Female,65,Anusha Yadav,18,CSE,B,83
606,Female,79,Tejaswini Chowdary,19,DS,B+,82
607,Male,84,Ajay Reddy,20,CSE,A,63
608,Male,61,Sai Patel,19,IT,B,77
609,Female,51,Deepika Kumar,18,DS,C,71
610,Male,70,Praveen Varma,22,MECH,B+,87
611,Female,94,Keerthi Chowdary,20,IT,A+,79
612,Female,71,Sowmya Rao,18,CIVIL,B+,79
613,Male,76,Karthik Reddy,20,MECH,B+,77
614,Female,65,Nandini Gupta,19,EEE,B,63
615,Female,98,Pallavi Das,19,CSE,A+,78
616,Female,59,Harini Yadav,21,CSE,C,81
617,Male,56,Rakesh Krishna,20,MECH,C,95
618,Male,68,Harish Rao,21,EEE,B,95
619,Male,80,Rakesh Das,18,IT,A,74
620,Female,72,Harini Das,20,MECH,B+,89
621,Male,95,Karthik Sharma,22,ECE,A+,72
622,Male,87,Rakesh Yadav,22,MECH,A,63
623,Male,93,Manoj Patel,20,AIML,A+,69
624,Female,77,Sirisha Singh,18,DS,B+,71
625,Female,70,Nandini Sharma,18,DS,B+,73
626,Male,51,Sai Singh,21,ECE,C,99
627,Female,96,Nandini Mishra,21,AIML,A+,84
628,Male,76,Arjun Patel,20,CSE,B+,93
629,Male,79,Rahul Kumar,19,IT,B+,79
630,Male,56,Kiran Yadav,22,MECH,C,64
631,Male,90,Harish Gupta,21,CIVIL,A+,68
632,Female,86,Bhavya Verma,19,EEE,A,61
633,Male,99,Praveen Devi,19,CSE,A+,70
634,Male,41,Varun Sharma,21,MECH,D,98
635,Male,49,Rakesh Rao,18,CSE,D,86
636,Female,95,Sravani Rao,22,MECH,A+,69
637,Male,47,Vivek Kumar,20,AIML,D,93
638,Female,100,Tejaswini Devi,21,ECE,A+,99
639,Male,60,Harish Rao,18,DS,B,98
640,Male,72,Ajay Patel,20,AIML,B+,70
641,Male,77,Aditya Krishna,19,DS,B+,75
642,Male,54,Rahul Reddy,18,DS,C,65
643,Male,93,Surya Rao,20,IT,A+,78
644,Female,40,Anusha Sharma,18,EEE,D,78
645,Female,47,Pallavi Das,21,ECE,D,62
646,Male,91,Manoj Singh,20,CIVIL,A+,99
647,Female,58,Vaishnavi Reddy,20,CIVIL,C,67
648,Female,96,Sravani Chowdary,20,AIML,A+,86
649,Male,48,Kiran Devi,18,EEE,D,86
650,Female,80,Sowmya Chowdary,19,AIML,A,99
651,Male,49,Rakesh Devi,21,DS,D,86
652,Female,36,Sneha Reddy,20,CIVIL,F,93
653,Male,90,Rakesh Das,22,ECE,A+,75
654,Female,36,Keerthi Yadav,19,CSE,F,70
655,Female,76,Bhavya Singh,18,DS,B+,75
656,Female,83,Swathi Sharma,22,IT,A,85
657,Male,46,Vijay Chowdary,21,DS,D,91
658,Female,48,Aishwarya Rao,21,CSE,D,85
659,Female,100,Sneha Kumar,18,MECH,A+,95
660,Male,41,Nikhil Chowdary,20,CIVIL,D,74
661,Female,49,Aishwarya Krishna,20,DS,D,66
662,Male,82,Rahul Das,20,MECH,A,66
663,Male,48,Suresh Krishna,19,AIML,D,76
664,Male,93,Rohit Rao,21,IT,A+,72
665,Female,92,Divya Mishra,18,ECE,A+,89
666,Male,90,Karthik Kumar,22,CSE,A+,97
667,Female,51,Deepika Singh,22,EEE,C,66
668,Female,88,Pallavi Das,22,AIML,A,98
669,Male,92,Ajay Yadav,20,MECH,A+,68
670,Male,62,Ravi Gupta,22,CIVIL,B,72
671,Male,57,Tarun Gupta,20,EEE,C,92
672,Female,88,Sirisha Rao,20,DS,A,94
673,Female,38,Harini Kumar,22,ECE,F,84
674,Male,55,Arjun Sharma,19,MECH,C,78
675,Female,39,Lakshmi Sharma,20,IT,F,82
676,Female,65,Divya Naidu,22,AIML,B,92
677,Female,88,Sirisha Sharma,21,AIML,A,80
678,Male,63,Rahul Varma,19,DS,B,83
679,Male,57,Surya Patel,20,DS,C,64
680,Male,89,Suresh Rao,21,CSE,A,77
681,Female,35,Lakshmi Singh,22,MECH,F,81
682,Female,76,Sirisha Devi,18,EEE,B+,98
683,Male,44,Nikhil Gupta,21,CIVIL,D,80
684,Male,88,Suresh Reddy,22,EEE,A,94
685,Female,77,Anjali Verma,19,IT,B+,81
686,Female,36,Meena Patel,22,DS,F,67
687,Female,40,Anusha Naidu,22,IT,D,80
688,Female,38,Divya Yadav,20,MECH,F,93
689,Female,72,Deepika Chowdary,21,CSE,B+,72
690,Female,35,Deepika Reddy,18,EEE,F,64
691,Male,61,Rakesh Patel,21,ECE,B,94
692,Female,93,Nandini Reddy,19,CSE,A+,81
693,Male,67,Vijay Reddy,18,EEE,B,95
694,Male,84,Sai Naidu,20,AIML,A,88
695,Female,50,Harini Das,18,AIML,C,94
696,Male,44,Nikhil Reddy,22,CSE,D,82
697,Male,71,Harish Gupta,22,ECE,B+,88
698,Female,63,Sravani Kumar,21,EEE,B,68
699,Female,82,Shreya Gupta,19,MECH,A,60
700,Male,45,Kiran Sharma,18,AIML,D,79
701,Male,100,Surya Verma,19,AIML,A+,69
702,Male,59,Suresh Naidu,22,MECH,C,67
703,Male,44,Rakesh Sharma,22,DS,D,78
704,Male,77,Ajay Rao,19,DS,B+,82
705,Male,43,Rakesh Naidu,18,MECH,D,72
706,Female,54,Bhavya Chowdary,20,MECH,C,96
707,Female,75,Aishwarya Mishra,19,CSE,B+,75
708,Male,52,Vivek Mishra,20,CIVIL,C,81
709,Female,97,Anusha Chowdary,20,MECH,A+,95
710,Male,60,Suresh Reddy,20,EEE,B,76
711,Male,86,Surya Reddy,18,CSE,A,97
712,Male,54,Arjun Varma,22,DS,C,83
713,Female,99,Neha Gupta,19,DS,A+,92
714,Male,65,Abhishek Verma,22,CSE,B,99
715,Male,57,Sanjay Devi,21,EEE,C,96
716,Male,63,Surya Krishna,20,CSE,B,91
717,Male,40,Vijay Varma,20,IT,D,73
718,Female,40,Sravani Krishna,21,CSE,D,80
719,Male,83,Vivek Varma,20,EEE,A,84
720,Female,83,Sowmya Reddy,22,MECH,A,74
721,Female,35,Keerthi Verma,21,DS,F,92
722,Male,100,Akash Singh,19,ECE,A+,77
723,Male,50,Manoj Singh,19,CIVIL,C,74
724,Female,96,Aishwarya Rao,21,DS,A+,73
725,Male,40,Nikhil Mishra,18,IT,D,68
726,Male,42,Manoj Sharma,22,EEE,D,70
727,Female,71,Pooja Yadav,22,CSE,B+,65
728,Male,63,Akash Krishna,21,EEE,B,86
729,Male,56,Sai Singh,22,MECH,C,81
730,Female,84,Tejaswini Reddy,19,AIML,A,68
731,Male,54,Rahul Patel,22,AIML,C,98
732,Male,99,Suresh Krishna,22,CSE,A+,67
733,Male,90,Karthik Devi,22,CSE,A+,93
734,Female,64,Keerthi Sharma,22,AIML,B,90
735,Female,67,Keerthi Rao,21,EEE,B,90
736,Male,67,Vijay Gupta,22,AIML,B,72
737,Male,35,Vivek Kumar,22,ECE,F,84
738,Male,48,Vivek Das,21,CIVIL,D,69
739,Female,81,Nandini Varma,20,AIML,A,99
740,Female,96,Pallavi Yadav,19,AIML,A+,71
741,Female,79,Shreya Krishna,20,MECH,B+,85
742,Male,55,Rakesh Rao,19,DS,C,66
743,Male,55,Sanjay Yadav,20,CSE,C,84
744,Male,46,Vijay Devi,21,AIML,D,64
745,Female,84,Neha Verma,18,CSE,A,85
746,Female,91,Sirisha Sharma,19,DS,A+,60
747,Male,100,Rakesh Gupta,19,CSE,A+,93
748,Male,65,Tarun Singh,18,CIVIL,B,60
749,Male,85,Vijay Varma,21,CIVIL,A,85
750,Male,71,Sanjay Kumar,18,ECE,B+,95
751,Female,93,Keerthi Varma,19,IT,A+,85
752,Male,44,Ajay Singh,21,ECE,D,92
753,Female,67,Aishwarya Rao,22,MECH,B,88
754,Female,93,Sowmya Krishna,19,CIVIL,A+,89
755,Male,83,Karthik Rao,20,ECE,A,74
756,Male,68,Naveen Mishra,20,CSE,B,75
757,Female,57,Anjali Yadav,20,ECE,C,90
758,Female,58,Keerthi Patel,22,MECH,C,72
759,Female,68,Vaishnavi Patel,19,IT,B,73
760,Male,54,Rohit Naidu,22,CIVIL,C,66
761,Male,40,Vijay Krishna,22,CSE,D,90
762,Female,97,Tejaswini Das,21,MECH,A+,71
763,Female,41,Sravani Naidu,22,EEE,D,93
764,Female,85,Bhavya Sharma,22,CIVIL,A,71
765,Female,36,Divya Chowdary,20,CSE,F,73
766,Female,68,Sowmya Rao,20,CIVIL,B,71
767,Female,81,Neha Varma,21,CIVIL,A,71
768,Female,81,Harini Patel,21,CIVIL,A,85
769,Female,64,Anusha Singh,22,EEE,B,66
770,Female,53,Neha Mishra,21,IT,C,69
771,Female,52,Priya Singh,21,DS,C,93
772,Female,85,Bhavya Gupta,20,CSE,A,66
773,Male,47,Arjun Patel,20,DS,D,88
774,Female,79,Swathi Verma,20,MECH,B+,61
775,Female,57,Divya Verma,22,IT,C,78
776,Female,83,Aishwarya Krishna,21,ECE,A,99
777,Female,88,Anusha Devi,19,CIVIL,A,99
778,Female,64,Anjali Reddy,19,CIVIL,B,80
779,Female,69,Nandini Gupta,20,AIML,B,88
780,Female,58,Vaishnavi Chowdary,21,EEE,C,61
781,Male,61,Surya Naidu,20,ECE,B,70
782,Female,41,Divya Rao,18,DS,D,61
783,Female,54,Deepika Reddy,18,MECH,C,65
784,Female,91,Meena Naidu,19,MECH,A+,68
785,Male,80,Sanjay Singh,18,CSE,A,80
786,Female,52,Anusha Varma,22,DS,C,94
787,Male,74,Sai Chowdary,22,AIML,B+,82
788,Female,74,Shreya Naidu,18,DS,B+,83
789,Female,35,Swathi Devi,20,CSE,F,93
790,Male,97,Varun Gupta,21,CSE,A+,90
791,Female,35,Priya Mishra,20,IT,F,95
792,Female,85,Kavya Mishra,22,AIML,A,75
793,Male,68,Vivek Yadav,21,IT,B,65
794,Female,71,Nandini Naidu,22,MECH,B+,94
795,Female,52,Harini Patel,18,EEE,C,78
796,Male,69,Nikhil Chowdary,22,DS,B,99
797,Female,41,Kavya Das,18,EEE,D,94
798,Male,51,Suresh Rao,20,MECH,C,88
799,Male,98,Praveen Reddy,19,CSE,A+,73
800,Female,94,Harini Gupta,21,CIVIL,A+,62
801,Female,85,Anjali Devi,18,MECH,A,64
802,Female,36,Pooja Patel,20,AIML,F,67
803,Male,60,Abhishek Chowdary,19,CSE,B,89
804,Male,74,Sanjay Patel,21,AIML,B+,80
805,Male,67,Nikhil Sharma,22,ECE,B,90
806,Female,49,Kavya Verma,18,IT,D,75
807,Female,50,Aishwarya Kumar,19,MECH,C,85
808,Male,54,Rahul Sharma,22,DS,C,83
809,Male,78,Praveen Singh,21,ECE,B+,63
810,Male,51,Varun Devi,22,ECE,C,91
811,Male,37,Naveen Verma,21,IT,F,84
812,Female,97,Vaishnavi Devi,20,CSE,A+,88
813,Female,79,Shreya Krishna,19,EEE,B+,80
814,Female,92,Swathi Singh,18,EEE,A+,78
815,Female,99,Shreya Verma,21,CSE,A+,84
816,Male,76,Rahul Verma,22,IT,B+,64
817,Female,71,Kavya Krishna,22,EEE,B+,80
818,Female,43,Nandini Das,18,ECE,D,62
819,Male,97,Suresh Sharma,19,ECE,A+,72
820,Male,41,Arjun Yadav,21,MECH,D,83
821,Male,97,Tarun Reddy,18,IT,A+,65
822,Female,82,Nandini Sharma,20,AIML,A,63
823,Female,44,Deepika Sharma,18,MECH,D,73
824,Male,59,Kiran Naidu,22,AIML,C,72
825,Male,48,Sai Singh,22,AIML,D,96
826,Female,56,Pallavi Chowdary,21,ECE,C,71
827,Female,80,Deepika Das,19,DS,A,80
828,Female,65,Keerthi Mishra,21,CIVIL,B,96
829,Male,92,Abhishek Varma,20,DS,A+,85
830,Male,52,Surya Sharma,20,CSE,C,79
831,Male,37,Harish Naidu,19,CIVIL,F,77
832,Male,54,Kiran Sharma,21,CIVIL,C,68
833,Female,73,Keerthi Naidu,19,MECH,B+,65
834,Female,96,Sowmya Patel,18,CIVIL,A+,71
835,Female,39,Sirisha Rao,22,MECH,F,96
836,Female,90,Anjali Sharma,20,CIVIL,A+,86
837,Male,74,Praveen Kumar,21,CSE,B+,93
838,Male,54,Naveen Devi,20,IT,C,63
839,Female,72,Anusha Reddy,19,AIML,B+,85
840,Male,41,Manoj Das,18,DS,D,95
841,Female,51,Swathi Reddy,21,AIML,C,68
842,Female,60,Shreya Patel,21,AIML,B,95
843,Male,76,Praveen Reddy,20,AIML,B+,96
844,Male,79,Kiran Mishra,21,CIVIL,B+,72
845,Female,79,Keerthi Kumar,20,EEE,B+,99
846,Female,64,Tejaswini Devi,21,CSE,B,72
847,Female,66,Lakshmi Reddy,18,CSE,B,99
848,Male,74,Harish Kumar,20,ECE,B+,88
849,Female,61,Priya Das,19,IT,B,94
850,Female,37,Shreya Krishna,22,EEE,F,84
851,Male,60,Ajay Singh,18,MECH,B,99
852,Female,84,Sneha Chowdary,18,ECE,A,77
853,Female,64,Divya Kumar,20,AIML,B,84
854,Male,58,Naveen Krishna,22,ECE,C,72
855,Female,74,Shreya Kumar,18,IT,B+,81
856,Female,80,Sravani Singh,18,CIVIL,A,82
857,Female,84,Neha Varma,18,MECH,A,61
858,Female,52,Neha Devi,20,AIML,C,65
859,Female,54,Deepika Naidu,21,IT,C,87
860,Female,61,Tejaswini Das,21,EEE,B,68
861,Male,90,Manoj Gupta,22,EEE,A+,69
862,Male,58,Naveen Reddy,22,ECE,C,80
863,Male,87,Surya Kumar,20,AIML,A,79
864,Female,48,Vaishnavi Varma,19,IT,D,68
865,Male,64,Rahul Varma,22,IT,B,74
866,Male,99,Varun Reddy,21,EEE,A+,98
867,Female,97,Sirisha Verma,19,AIML,A+,90
868,Male,87,Suresh Patel,19,CSE,A,60
869,Female,43,Harini Naidu,19,IT,D,71
870,Female,66,Tejaswini Krishna,20,DS,B,87
871,Female,39,Sneha Yadav,20,AIML,F,93
872,Male,85,Akash Chowdary,18,IT,A,62
873,Female,91,Deepika Sharma,19,MECH,A+,85
874,Female,72,Meena Chowdary,19,AIML,B+,99
875,Male,46,Vivek Devi,21,DS,D,92
876,Male,76,Suresh Devi,21,AIML,B+,88
877,Male,93,Suresh Chowdary,22,IT,A+,65
878,Female,49,Aishwarya Singh,18,ECE,D,88
879,Female,83,Anjali Yadav,22,EEE,A,95
880,Female,55,Sneha Singh,20,EEE,C,69
881,Male,74,Vivek Sharma,21,MECH,B+,88
882,Female,60,Nandini Singh,18,EEE,B,60
883,Female,35,Priya Chowdary,21,DS,F,98
884,Female,93,Neha Patel,22,DS,A+,86
885,Female,61,Anjali Kumar,19,MECH,B,63
886,Male,53,Manoj Sharma,20,CSE,C,62
887,Female,88,Aishwarya Reddy,18,ECE,A,71
888,Male,93,Rakesh Gupta,22,EEE,A+,97
889,Female,82,Sneha Reddy,20,CIVIL,A,84
890,Male,52,Ravi Reddy,20,DS,C,67
891,Female,61,Aishwarya Mishra,22,IT,B,99
892,Male,89,Kiran Reddy,21,MECH,A,98
893,Female,98,Swathi Verma,19,DS,A+,91
894,Male,35,Tarun Naidu,20,IT,F,67
895,Male,87,Akash Rao,19,AIML,A,62
896,Female,71,Keerthi Patel,18,IT,B+,76
897,Male,35,Harish Gupta,22,CIVIL,F,67
898,Female,57,Aishwarya Yadav,22,CSE,C,72
899,Female,52,Aishwarya Krishna,21,CSE,C,90
900,Male,94,Nikhil Chowdary,22,CIVIL,A+,86
901,Male,37,Sanjay Gupta,22,CIVIL,F,73
902,Female,38,Keerthi Reddy,19,MECH,F,81
903,Female,58,Nandini Singh,22,AIML,C,98
904,Male,87,Harish Das,18,MECH,A,65
905,Female,62,Neha Verma,21,MECH,B,93
906,Female,60,Pooja Rao,20,CSE,B,65
907,Female,59,Deepika Kumar,21,EEE,C,81
908,Female,47,Vaishnavi Gupta,20,EEE,D,93
909,Male,49,Rohit Sharma,21,AIML,D,60
910,Female,40,Sneha Reddy,20,DS,D,66
911,Female,60,Priya Gupta,19,CIVIL,B,72
912,Female,69,Swathi Das,21,ECE,B,69
913,Male,61,Ajay Rao,18,ECE,B,94
914,Female,71,Shreya Das,20,EEE,B+,96
915,Male,91,Suresh Reddy,20,CIVIL,A+,63
916,Male,84,Rahul Krishna,18,ECE,A,63
917,Male,80,Ravi Yadav,19,DS,A,79
918,Female,46,Kavya Reddy,21,EEE,D,89
919,Male,64,Akash Gupta,21,DS,B,74
920,Male,58,Tarun Varma,20,AIML,C,81
921,Female,95,Anusha Krishna,18,ECE,A+,67
922,Female,79,Bhavya Chowdary,19,MECH,B+,98
923,Male,76,Sanjay Rao,21,ECE,B+,95
924,Male,65,Harish Chowdary,21,AIML,B,99
925,Male,43,Aditya Singh,21,AIML,D,81
926,Male,65,Vivek Mishra,21,CIVIL,B,71
927,Male,76,Surya Krishna,18,DS,B+,95
928,Male,43,Akash Singh,20,AIML,D,98
929,Male,42,Rakesh Yadav,20,DS,D,65
930,Male,92,Manoj Kumar,19,EEE,A+,94
931,Female,75,Sravani Chowdary,19,IT,B+,79
932,Female,100,Harini Verma,18,CSE,A+,85
933,Male,35,Harish Sharma,20,CSE,F,95
934,Female,90,Divya Gupta,18,IT,A+,97
935,Female,83,Nandini Das,21,AIML,A,87
936,Male,59,Rakesh Singh,21,EEE,C,95
937,Female,51,Keerthi Mishra,19,MECH,C,68
938,Male,90,Vijay Kumar,19,DS,A+,68
939,Male,58,Manoj Mishra,21,AIML,C,89
940,Female,63,Shreya Chowdary,21,CIVIL,B,71
941,Female,65,Tejaswini Kumar,22,DS,B,92
942,Female,96,Harini Verma,18,CSE,A+,83
943,Male,70,Sai Krishna,18,EEE,B+,89
944,Male,44,Sanjay Reddy,19,DS,D,94
945,Female,95,Tejaswini Sharma,20,CSE,A+,89
946,Female,72,Sowmya Das,21,CIVIL,B+,78
947,Male,42,Arjun Gupta,22,MECH,D,90
948,Male,71,Sai Sharma,20,CSE,B+,91
949,Male,51,Manoj Reddy,20,MECH,C,99
950,Female,57,Swathi Varma,18,ECE,C,97
951,Male,68,Rakesh Chowdary,20,EEE,B,75
952,Female,53,Pooja Sharma,20,ECE,C,98
953,Male,91,Karthik Mishra,21,IT,A+,70
954,Male,49,Sai Verma,18,MECH,D,63
955,Male,95,Akash Yadav,21,MECH,A+,94
956,Male,53,Abhishek Yadav,21,MECH,C,93
957,Female,75,Priya Gupta,21,AIML,B+,93
958,Male,77,Kiran Verma,21,MECH,B+,77
959,Female,94,Divya Varma,22,AIML,A+,75
960,Male,36,Sanjay Das,19,CIVIL,F,60
961,Male,92,Rahul Mishra,18,ECE,A+,82
962,Male,39,Surya Gupta,20,IT,F,61
963,Male,50,Arjun Patel,22,ECE,C,65
964,Male,67,Abhishek Singh,18,EEE,B,78
965,Female,89,Pallavi Reddy,21,MECH,A,80
966,Female,83,Pooja Reddy,20,CSE,A,84
967,Female,91,Sneha Varma,20,EEE,A+,64
968,Female,48,Kavya Yadav,19,DS,D,69
969,Female,48,Kavya Rao,21,MECH,D,62
970,Male,98,Vijay Varma,21,CSE,A+,69
971,Male,77,Arjun Yadav,20,EEE,B+,85
972,Male,86,Sanjay Krishna,21,AIML,A,64
973,Male,80,Rahul Yadav,21,ECE,A,81
974,Female,78,Sravani Sharma,18,CIVIL,B+,65
975,Female,84,Meena Patel,19,CSE,A,72
976,Female,97,Sirisha Yadav,18,CIVIL,A+,65
977,Female,59,Vaishnavi Patel,19,CSE,C,61
978,Male,98,Karthik Yadav,18,MECH,A+,94
979,Female,78,Priya Sharma,20,CSE,B+,62
980,Female,54,Divya Patel,22,DS,C,97
981,Male,37,Vijay Sharma,19,DS,F,90
982,Male,41,Praveen Devi,18,EEE,D,79
983,Male,48,Akash Singh,22,ECE,D,67
984,Female,89,Tejaswini Naidu,18,IT,A,81
985,Female,76,Aishwarya Rao,22,EEE,B+,73
986,Male,50,Sai Singh,20,ECE,C,77
987,Male,91,Ravi Singh,20,EEE,A+,75
988,Male,55,Manoj Rao,22,AIML,C,61
989,Female,46,Anjali Kumar,18,EEE,D,97
990,Female,53,Harini Krishna,19,IT,C,77
991,Female,58,Harini Naidu,19,CSE,C,91
992,Male,35,Nikhil Gupta,20,AIML,F,95
993,Male,81,Rohit Rao,22,ECE,A,94
994,Male,59,Akash Patel,20,CSE,C,67
995,Male,55,Rakesh Krishna,21,EEE,C,62
996,Male,90,Nikhil Verma,20,IT,A+,76
997,Female,41,Tejaswini Chowdary,18,ECE,D,94
998,Male,44,Suresh Kumar,21,ECE,D,75
999,Female,76,Sowmya Das,21,IT,B+,74
1000,Male,87,Naveen Naidu,18,IT,A,72
1001,Female,41,Neha Reddy,21,DS,D,87
1002,Male,82,Rohit Chowdary,19,AIML,A,68
1003,Female,60,Vaishnavi Patel,20,MECH,B,81
1004,Male,49,Arjun Sharma,20,EEE,D,89
1005,Female,72,Harini Singh,20,IT,B+,98
1006,Male,46,Nikhil Singh,22,IT,D,86
1007,Female,36,Kavya Krishna,21,MECH,F,87
1008,Male,54,Praveen Das,21,IT,C,96
1009,Male,99,Ravi Sharma,18,DS,A+,62
1010,Female,92,Deepika Yadav,21,ECE,A+,91
1011,Male,51,Vijay Kumar,21,IT,C,82
1012,Female,74,Neha Reddy,18,DS,B+,70
1013,Female,52,Sowmya Kumar,21,DS,C,85
1014,Male,84,Varun Chowdary,18,ECE,A,81
1015,Male,45,Harish Mishra,20,IT,D,99
1016,Female,41,Vaishnavi Sharma,22,CIVIL,D,67
1017,Female,81,Keerthi Chowdary,22,CSE,A,83
1018,Male,52,Nikhil Reddy,22,IT,C,81
1019,Male,63,Aditya Rao,21,IT,B,80
1020,Female,43,Swathi Mishra,20,CSE,D,83
1021,Female,95,Anusha Krishna,22,ECE,A+,94
1022,Female,93,Anusha Verma,18,IT,A+,65
1023,Male,48,Abhishek Singh,20,ECE,D,70
1024,Female,61,Divya Devi,21,EEE,B,93
1025,Male,95,Harish Mishra,22,EEE,A+,82
1026,Female,43,Anusha Kumar,20,IT,D,61
1027,Male,76,Sanjay Das,21,CIVIL,B+,91
1028,Female,74,Anusha Gupta,22,EEE,B+,70
1029,Female,41,Neha Krishna,20,MECH,D,69
1030,Female,71,Meena Chowdary,19,EEE,B+,71
1031,Male,49,Vivek Devi,19,IT,D,62
1032,Female,82,Sowmya Devi,21,MECH,A,71
1033,Male,53,Aditya Sharma,20,CIVIL,C,83
1034,Female,50,Shreya Singh,22,MECH,C,61
1035,Female,54,Bhavya Devi,21,CIVIL,C,60
1036,Female,53,Nandini Gupta,21,MECH,C,96
1037,Female,52,Aishwarya Rao,21,CSE,C,95
1038,Male,92,Harish Kumar,21,IT,A+,82
1039,Male,63,Naveen Sharma,22,IT,B,77
1040,Male,46,Rahul Reddy,22,DS,D,92
1041,Female,81,Kavya Krishna,20,CSE,A,85
1042,Male,82,Vivek Mishra,20,AIML,A,60
1043,Female,46,Keerthi Verma,20,DS,D,73
1044,Female,55,Vaishnavi Mishra,21,MECH,C,87
1045,Female,73,Lakshmi Reddy,19,IT,B+,90
1046,Female,87,Anjali Yadav,18,CSE,A,77
1047,Female,60,Pooja Chowdary,22,EEE,B,71
1048,Female,73,Meena Krishna,18,MECH,B+,91
1049,Female,68,Neha Kumar,18,EEE,B,79
1050,Female,97,Divya Gupta,21,EEE,A+,75
1051,Male,81,Kiran Varma,21,ECE,A,97
1052,Female,50,Sowmya Mishra,20,DS,C,83
1053,Male,53,Ajay Singh,22,CSE,C,80
1054,Female,41,Sirisha Devi,20,EEE,D,77
1055,Female,72,Harini Verma,18,MECH,B+,93
1056,Male,56,Sanjay Patel,19,ECE,C,94
1057,Female,47,Aishwarya Gupta,20,CIVIL,D,94
1058,Female,82,Lakshmi Kumar,19,MECH,A,91
1059,Female,54,Aishwarya Singh,18,IT,C,92
1060,Male,44,Rohit Rao,21,DS,D,67
1061,Male,81,Rahul Krishna,20,MECH,A,68
1062,Female,38,Tejaswini Das,19,MECH,F,67
1063,Male,51,Manoj Devi,19,MECH,C,73
1064,Male,37,Vijay Mishra,18,ECE,F,90
1065,Female,100,Sneha Patel,18,CSE,A+,97
1066,Male,43,Karthik Rao,20,CSE,D,79
1067,Male,60,Kiran Rao,22,IT,B,71
1068,Female,79,Priya Reddy,19,MECH,B+,82
1069,Male,47,Sanjay Naidu,22,ECE,D,97
1070,Male,56,Sanjay Patel,19,MECH,C,94
1071,Male,81,Surya Rao,19,DS,A,97
1072,Male,83,Akash Rao,19,CIVIL,A,87
1073,Male,75,Sanjay Naidu,21,ECE,B+,67
1074,Female,71,Divya Devi,21,CIVIL,B+,95
1075,Male,84,Vijay Das,21,ECE,A,78
1076,Female,87,Tejaswini Gupta,21,IT,A,78
1077,Female,57,Kavya Reddy,21,CIVIL,C,60
1078,Female,45,Pallavi Rao,21,DS,D,67
1079,Male,56,Abhishek Yadav,22,ECE,C,64
1080,Female,50,Kavya Das,19,AIML,C,74
1081,Female,86,Vaishnavi Krishna,20,MECH,A,82
1082,Female,53,Pallavi Yadav,21,MECH,C,89
1083,Male,64,Kiran Varma,21,DS,B,68
1084,Male,38,Kiran Sharma,18,DS,F,71
1085,Female,47,Tejaswini Das,19,MECH,D,64
1086,Female,97,Anusha Patel,20,DS,A+,92
1087,Female,39,Shreya Das,22,CSE,F,87
1088,Male,91,Abhishek Chowdary,20,AIML,A+,89
1089,Male,56,Arjun Singh,22,MECH,C,91
1090,Female,49,Lakshmi Gupta,21,DS,D,96
1091,Female,99,Pallavi Krishna,21,EEE,A+,63
1092,Female,80,Swathi Krishna,22,AIML,A,78
1093,Female,51,Sneha Kumar,22,CSE,C,83
1094,Female,47,Vaishnavi Kumar,20,AIML,D,87
1095,Female,66,Keerthi Mishra,20,CSE,B,75
1096,Male,43,Nikhil Gupta,22,ECE,D,79
1097,Male,39,Naveen Singh,18,CIVIL,F,89
1098,Female,95,Sowmya Mishra,20,CSE,A+,97
1099,Male,76,Naveen Yadav,22,AIML,B+,96
1100,Male,98,Karthik Rao,19,CIVIL,A+,92
